{"WHITE": 0.0055266972000000015, "BLACK": 0.0005253921000000004, "AIAN": 8.542900000000018e-06, "ASIAN": 0.0013977268999999998, "NHOPI": 1.423699999999998e-06, "OTHER": 0.003234913000000001, "2RACE": 4.305789999999973e-05, "HISPANIC": 0.006068703600000004, "DEM": 0.004130096199999986, "REP": 0.004188297300000004}